filename	category
16209331331_343c899d38.jpg	rose
5001848317_b33d17ab7a_n.jpg	rose
18302701228_2b5790b199_n.jpg	rose
5777669976_a205f61e5b.jpg	rose
4860145119_b1c3cbaa4e_n.jpg	rose
15011625580_7974c44bce.jpg	rose
17953368844_be3d18cf30_m.jpg	rose
8983268106_dc913d17d8_m.jpg	rose
5001846495_56068de2da_n.jpg	rose
8388497874_1fe750cc95_m.jpg	rose
14267691818_301aceda07.jpg	rose
4558025386_2c47314528.jpg	rose
17990320484_93bba345d2_m.jpg	rose
28131227642_e279b5768b_n.jpg	rose
4608559939_3487bf3b62_n.jpg	rose
18599603859_f2ec616ddf_n.jpg	rose
8723767157_c45bfd3ab6.jpg	rose
8523394349_61b31fdd8f_m.jpg	rose
13279526615_a3b0059bec.jpg	rose
18464052396_6327841e65_n.jpg	rose
3407482427_49d5c75291_m.jpg	rose
5335946155_be70e11cf2_n.jpg	rose
14460517566_783dbf23b8_n.jpg	rose
5001854803_cb87747d4a_n.jpg	rose
15978010566_5fa5905af1_n.jpg	rose
4684127262_6c3346188d.jpg	rose
7316409504_7cf3707f8a_m.jpg	rose
2331651885_619653a5d3.jpg	rose
3697780051_83e50a6dd1_m.jpg	rose
1461381091_aaaa663bbe_n.jpg	rose
18302793940_8fcc8b4661_n.jpg	rose
18486123042_5c8da68f38_n.jpg	rose
5223191368_01aedb6547_n.jpg	rose
2850381271_d2f9a470b1_n.jpg	rose
6936225976_a91b60d8c2_m.jpg	rose
5002462640_5bf92142bf_n.jpg	rose
12323085443_8ac0cdb713_n.jpg	rose
22982871191_ec61e36939_n.jpg	rose
5336561772_61a0ca4b22_n.jpg	rose
5001844187_0a77b2eed6_n.jpg	rose
9309388105_12c0b8dd54_m.jpg	rose
6108118824_5b0231a56d.jpg	rose
8742493689_fb852f0228_n.jpg	rose
1446090416_f0cad5fde4.jpg	rose
12406418663_af20dc225f_n.jpg	rose
5002452834_167883dbcf_n.jpg	rose
26605779860_50872b454a_n.jpg	rose
7470985688_c1ee9105fa_n.jpg	rose
2607130050_9c34310004.jpg	rose
7461898754_9032a38963_n.jpg	rose
18464055536_709c8af0b7_n.jpg	rose
3052753519_d087aaeacb_n.jpg	rose
6363976189_e7155e5f9c.jpg	rose
9458445402_79e4dfa89c.jpg	rose
3526860692_4c551191b1_m.jpg	rose
7456196908_d34b9b76c4_n.jpg	rose
6111589202_8b9555364c_m.jpg	rose
5231103167_a03280e9f6_n.jpg	rose
3268459296_a7346c6b2c.jpg	rose
5083072098_81587295d5.jpg	rose
2347579838_dd6d2aaefc_n.jpg	rose
7455236056_b6d71a8dab.jpg	rose
14408977935_a397e796b8_m.jpg	rose
410421672_563550467c.jpg	rose
13211873833_82b029c8a1_n.jpg	rose
2888138918_402096c7fb.jpg	rose
5002446614_bb2a5b4bc1_n.jpg	rose
2501297526_cbd66a3f7e_m.jpg	rose
488849503_63a290a8c2_m.jpg	rose
2414954629_3708a1a04d.jpg	rose
4495885281_fe2a3b671d.jpg	rose
9164900485_605aa12da8.jpg	rose
5001850247_33681cc95c_n.jpg	rose
8060338380_eb6c806624_n.jpg	rose
21522100663_455b77a90c_n.jpg	rose
5002452394_22896fb9df_n.jpg	rose
5349859602_1ab3356c64_n.jpg	rose
7471891698_072c1de52f_n.jpg	rose
4648680921_80dfc4f12a.jpg	rose
19988406792_68201f76e3_n.jpg	rose
5349251139_92539c279a_n.jpg	rose
2258973326_03c0145f15_n.jpg	rose
4910094611_8c7170fc95_n.jpg	rose
7456887736_54e4ebac03_n.jpg	rose
14172324538_2147808483_n.jpg	rose
509239741_28e2cfe492_m.jpg	rose
6969041818_a505baa68e_m.jpg	rose
14019883858_e5d2a0ec10_n.jpg	rose
8622493424_877ae35ed7.jpg	rose
18490508225_0fc630e963_n.jpg	rose
7211616670_2d49ecb3a5_m.jpg	rose
159079265_d77a9ac920_n.jpg	rose
18563353954_b761d97155_m.jpg	rose
5335931263_18edb092b0_n.jpg	rose
33568345265_e4f7d0fe45_n.jpg	rose
13235124703_a7e1266e44.jpg	rose
5349250331_05501d6557_n.jpg	rose
5002459442_81825061e9_n.jpg	rose
3072908271_08764c732a_m.jpg	rose
459042023_6273adc312_n.jpg	rose
9300754115_dd79670066_n.jpg	rose
2491600761_7e9d6776e8_m.jpg	rose
8279801891_5369a6c3c1_n.jpg	rose
6363951285_a802238d4e.jpg	rose
5529341024_0c35f2657d.jpg	rose
5693502877_41c11295b6_n.jpg	rose
145862135_ab710de93c_n.jpg	rose
4612774939_e26ec1c34d_n.jpg	rose
5336555402_4f6f03f5a5_n.jpg	rose
8437935944_aab997560a_n.jpg	rose
18304294599_2b0b604a8d_n.jpg	rose
8516036987_8a06dfe1b5_n.jpg	rose
850416050_31b3ff7087.jpg	sunflower
5578766623_542c91dfaa_n.jpg	rose
15674450867_0ced942941_n.jpg	rose
20622485918_90fc000c86_n.jpg	rose
18302796110_02ef47cd43_n.jpg	rose
5336545886_7b93463c06_n.jpg	rose
15811411368_f4f2cd8873_n.jpg	rose
2777518561_105abc8cfc_n.jpg	rose
7820626638_3e2d712303.jpg	rose
7187035716_5d0fb95c31_n.jpg	rose
5001856549_7e0a640488_n.jpg	rose
13264214185_d6aa79b3bd.jpg	rose
5060536705_b370a5c543_n.jpg	rose
15681454551_b6f73ce443_n.jpg	rose
5336562212_d014ddf9ca_n.jpg	rose
5001855107_71351ce785_n.jpg	rose
12406229175_82e2ac649c_n.jpg	rose
4504731519_9a260b6607_n.jpg	rose
15333843782_060cef3030.jpg	rose
2059172936_032ffc12aa.jpg	rose
1793211631_68c31a74dc.jpg	rose
19271410704_932d1f2c97_n.jpg	rose
15699509054_d3e125286f_n.jpg	rose
5717319579_190e85c7d1_m.jpg	rose
5736328472_8f25e6f6e7.jpg	rose
1757822526_fe30b9b3ca_m.jpg	rose
2093263381_afd51358a3.jpg	rose
9423755543_edb35141a3_n.jpg	rose
172311368_49412f881b.jpg	rose
7471890786_aaff777641_n.jpg	rose
7186509956_c37c02fb43_n.jpg	rose
3494252600_29f26e3ff0_n.jpg	rose
16643944275_3cd4cd966c.jpg	rose
18492302751_cf6a5a583e_n.jpg	rose
7456771390_c2505e08a2_n.jpg	rose
15255964274_cf2ecdf702.jpg	rose
4360743371_6238b36d8c_m.jpg	rose
7865295712_bcc94d120c.jpg	rose
16772483324_09f24813a1_n.jpg	rose
5602220566_5cdde8fa6c_n.jpg	rose
4765063233_f64440c20b.jpg	rose
7461878736_a55f749faf_n.jpg	rose
17869839663_1445f1efd0_n.jpg	rose
7551637034_55ae047756_n.jpg	rose
21039447185_96d59941b2_n.jpg	rose
16670921315_0fc48d7ab2_n.jpg	rose
5001847693_77a9fb4f3c_n.jpg	rose
2675221506_5286c0595f.jpg	rose
16078501836_3ac067e18a.jpg	rose
9433167170_fa056d3175.jpg	rose
6053143173_991c011b23.jpg	rose
5234278003_d827fcd73b_m.jpg	rose
7456439188_c2ba954a5d_n.jpg	rose
5212885371_fe27c406a2_n.jpg	rose
5415782938_6ce6e4a90d_n.jpg	rose
5193918046_d44e4fcd75_m.jpg	rose
5335944839_a3b6168534_n.jpg	rose
8125886145_ae99f91fd0.jpg	rose
5349865018_99cd7f985a_n.jpg	rose
4325834819_ab56661dcc_m.jpg	rose
5979193298_639e877248.jpg	rose
7302931078_30054c1970_n.jpg	rose
18492296751_0bf021da9b_n.jpg	rose
16051111039_0f0626a241_n.jpg	rose
4797595918_79887b1229_n.jpg	rose
17062080069_36ac7907d2_n.jpg	rose
9609569441_eeb8566e94.jpg	rose
4243078361_7b92a932cd_n.jpg	rose
12572786553_634868f7f2_n.jpg	rose
1813435848_7852708394_n.jpg	rose
18492288871_8c9d5657bb_n.jpg	rose
15859434664_67bf3ef29f.jpg	rose
26723815164_d03d4d69cb_n.jpg	rose
14993880427_95d0f27257.jpg	rose
5335931029_74c01d3c35_n.jpg	rose
2065522422_cfdd80044a_n.jpg	rose
5336551122_2df8fee6da_n.jpg	rose
180613732_3a7aba0b80_n.jpg	rose
218630974_5646dafc63_m.jpg	rose
323872063_7264e7e018_m.jpg	rose
14687731322_5613f76353.jpg	rose
110472418_87b6a3aa98_m.jpg	rose
229488796_21ac6ee16d_n.jpg	rose
4609168052_3d4e1d3804_n.jpg	rose
8036594516_69a7da5f73_m.jpg	rose
3753920123_c7ebc18ee3.jpg	rose
8241471746_5d81fdd3c0_n.jpg	rose
18760363474_a707331322_n.jpg	rose
5002453814_cf37b62acd_n.jpg	rose
5415783734_b002ebce24_n.jpg	rose
22679076_bdb4c24401_m.jpg	rose
5050969148_a0090f762a.jpg	rose
6163179241_f093f45d95_n.jpg	rose
483444865_65962cea07_m.jpg	rose
8209458141_38f38be65c_m.jpg	rose
14414123198_24606fb32d.jpg	rose
3475572132_01ae28e834_n.jpg	rose
850416050_31b3ff7086.jpg	rose
2535466143_5823e48b63.jpg	rose
18990187093_09f2bff8fc_m.jpg	rose
15818051327_9a44bf6244_n.jpg	rose
4809566219_88f9a1aea3.jpg	rose
2265390547_2409007cef_n.jpg	rose
7502389724_85b4a6c855_n.jpg	rose
7376473742_532364cee5_n.jpg	rose
14166797345_d2ab9da518.jpg	rose
4504220673_af754fcb40_n.jpg	rose
9353111163_7a89b2df35_n.jpg	rose
5333437251_ce0aa6925d_n.jpg	rose
5497730366_44d758d8f5.jpg	rose
5799616059_0ffda02e54.jpg	rose
3742155164_14b557a51c_n.jpg	rose
4951581805_b049304f1b_n.jpg	rose
4713531680_1110a2fa07_n.jpg	rose
1445228333_59a07e0801.jpg	rose
12202373204_34fb07205b.jpg	rose
3074406590_91c697c805_n.jpg	rose
6347847065_83cf87333b_n.jpg	rose
10894627425_ec76bbc757_n.jpg	rose
3903276582_fe05bf84c7_n.jpg	rose
7474124984_ca015e8c10_n.jpg	rose
7285188160_49d84b95a3_m.jpg	rose
8337607102_d9e0fa887e.jpg	rose
2535495431_e6f950443c.jpg	rose
4267024012_295e7141a3_n.jpg	rose
9320934277_4fb95aef5d_n.jpg	rose
5578760521_e54aca6bed_n.jpg	rose
4713533500_fcc295de70_n.jpg	rose
5419629292_2f06e4b295.jpg	rose
7470985338_a1f3bba601_n.jpg	rose
7461897646_3203dbe067_n.jpg	rose
1801614110_bb9fa46830.jpg	rose
685724528_6cd5cbe203.jpg	rose
102501987_3cdb8e5394_n.jpg	rose
18464065816_88f194a890_n.jpg	rose
16100313047_c2e23cbb3d_n.jpg	rose
8063462557_e0a8bd6c64_n.jpg	rose
17869846573_d6c9c39843_n.jpg	rose
475936554_a2b38aaa8e.jpg	rose
4413509121_a62879598a.jpg	rose
5001847255_34ff6146ec_n.jpg	rose
15821959372_518b9dcf57_n.jpg	rose
7471890996_e61b134867_n.jpg	rose
7683456068_02644b8382_m.jpg	rose
5335946401_f49bfbe3f9_n.jpg	rose
4625089819_55c45a189c.jpg	rose
3873271620_1d9d314f01_n.jpg	rose
7474126688_5f888ace5b_n.jpg	rose
16552686350_db8db55cd2.jpg	rose
14107161906_5737e0e4ec.jpg	rose
4900231976_f8ced2b42a_n.jpg	rose
15999816377_4b95e0b538_n.jpg	rose
1756973583_4aac7df00d_m.jpg	rose
5001857777_440e725f2f_n.jpg	rose
7419966772_d6c1c22a81.jpg	rose
7420699022_60fa574524_m.jpg	rose
9337528427_3d09b7012b.jpg	rose
5002447916_8a7b7b689a_n.jpg	rose
9404876600_04f6d37685.jpg	rose
4093390305_4010c736c9.jpg	rose
7481118556_6c209b9b7d_n.jpg	rose
15060816740_68e1b2c31b.jpg	rose
3654988152_b11178bbcb.jpg	rose
5172171681_5934378f08.jpg	rose
23891005905_17ce9e6936.jpg	rose
8775267816_726ddc6d92_n.jpg	rose
3655527028_0fab2b547d_n.jpg	rose
9216321995_83df405ea9.jpg	rose
2735666555_01d53e74fe.jpg	rose
3872230296_6c477309f3_n.jpg	rose
14573732424_1bb91e2e42_n.jpg	rose
505517255_cfbb6f6394.jpg	rose
14747962886_2bff6bb323_m.jpg	rose
3663244576_97f595cf4a.jpg	rose
14414117598_cf70df30de.jpg	rose
7525783408_0999483bf4_m.jpg	rose
5537794501_a0767743fd_n.jpg	rose
6231418894_7946a7712b_n.jpg	rose
5336558870_22d0a6a318_n.jpg	rose
5002451854_9cf0096db0_n.jpg	rose
15697872479_ed48e9dd73_n.jpg	rose
19919867648_043cf02fc3.jpg	rose
16484100863_979beacb08.jpg	rose
8671682526_7058143c99.jpg	rose
18464084356_0d2d93f896_n.jpg	rose
4363734507_5cc4ed6e01.jpg	rose
5001847439_83e02981e8_n.jpg	rose
3500121696_5b6a69effb_n.jpg	rose
5001853887_0623dd2111_n.jpg	rose
537625768_791e973b40.jpg	rose
17302463621_d82be11f01_n.jpg	rose
5001844777_d9e1968119_n.jpg	rose
7461897058_3c955efe2a_n.jpg	rose
4612766755_7d3f047db0_n.jpg	rose
16229215579_e7dd808e9c.jpg	rose
7471891186_195bb02c98_n.jpg	rose
7251352826_69b62cba2c_m.jpg	rose
5961803532_9368212949_m.jpg	rose
921138131_9e1393eb2b_m.jpg	rose
5002453148_5a7bbcce64_n.jpg	rose
1667199972_7ba7d999c1_m.jpg	rose
13342823005_16d3df58df_n.jpg	rose
14176042519_5792b37555.jpg	rose
5181899042_0a6ffe0c8a_n.jpg	rose
6125332325_b768e08bd9_n.jpg	rose
4279989256_9a48c0d194_n.jpg	rose
5335936311_390e8ed5d9_n.jpg	rose
3292434691_392071d702_n.jpg	rose
7456611336_52fec6b57e_n.jpg	rose
5335930735_f396f37a81_n.jpg	rose
4242976586_607a8f9843_n.jpg	rose
17104364030_ee31ee279b_n.jpg	rose
7471891548_40f350dff2_n.jpg	rose
8692051081_dffa8709e7_m.jpg	rose
7456196174_f9de97ba73_n.jpg	rose
33184832190_e5411d91a4_n.jpg	rose
7471890480_498910f3e3_n.jpg	rose
18376177250_86060cbdc9.jpg	rose
8562144481_1d629848ff.jpg	rose
14381787252_e8e12e277a_n.jpg	rose
12434194695_a7c4e73c6b_n.jpg	rose
8949720453_66e8304c30.jpg	rose
19027407015_141c10ddcb_n.jpg	rose
9159362388_c6f4cf3812_n.jpg	rose
5001843683_ac3e5f2c87_n.jpg	rose
2471103806_87ba53d997_n.jpg	rose
22385375599_1faf334f5d_n.jpg	rose
18302801780_50f9a04639_n.jpg	rose
5001846963_595da3a5a3_n.jpg	rose
12562723334_a2e0a9e3c8_n.jpg	rose
5628552852_60bbe8d9b0_n.jpg	rose
14880561916_79aeb812fd_n.jpg	rose
17869810353_c0d9902bc3_n.jpg	rose
9633056561_6f1b7e8faf_m.jpg	rose
12338444334_72fcc2fc58_m.jpg	rose
2949945463_366bc63079_n.jpg	rose
5148639829_781eb7d346.jpg	rose
14494590921_3bb1dc7b88_n.jpg	rose
3065719996_c16ecd5551.jpg	rose
15277801151_5ed88f40f0_n.jpg	rose
5002460330_7286e80967_n.jpg	rose
5273722065_c85d8543c2_m.jpg	rose
18741313803_1bbf842fc6_n.jpg	rose
18584002386_cec0df537d_n.jpg	rose
15498482197_8878cdfb07_n.jpg	rose
16424992340_c1d9eb72b4.jpg	rose
31050510212_73d570592a_n.jpg	rose
12407768513_3440238148_n.jpg	rose
18464075576_4e496e7d42_n.jpg	rose
2215318403_06eb99176a.jpg	rose
4735314389_94fe1b2a9f_n.jpg	rose
15274443248_76b9f3eb24.jpg	rose
5060519573_c628547e20_n.jpg	rose
13231224664_4af5293a37.jpg	rose
17554868955_35f48516cd_m.jpg	rose
118974357_0faa23cce9_n.jpg	rose
5335935851_53634d6aed_n.jpg	rose
7461896668_cfef58f894_n.jpg	rose
7456439862_8b1ae909b7_n.jpg	rose
5335935585_e4a8435aab_n.jpg	rose
15951588433_c0713cbfc6_m.jpg	rose
4575042086_7674b76297_n.jpg	rose
8050213579_48e1e7109f.jpg	rose
2423565102_2f1a00bb1b_n.jpg	rose
5492988531_574cdc2bf0_n.jpg	rose
15255964454_0a64eb67fa.jpg	rose
5336549532_49c711d49a_n.jpg	rose
14510185271_b5d75dd98e_n.jpg	rose
4065283966_9504b98269.jpg	rose
5001843267_ccc0aa7d4d_n.jpg	rose
18492342231_c074b4b19c_n.jpg	rose
4702438868_278b9cf41c_n.jpg	rose
18486151112_6f83e92223_n.jpg	rose
9338237628_4d2547608c.jpg	rose
5001850817_abffea40c9_n.jpg	rose
5693492187_dc46424be3_n.jpg	rose
14145188939_b4de638bd3_n.jpg	rose
8742493617_c2a9bf854f_m.jpg	rose
2682566502_967e7eaa2a.jpg	rose
8987479080_32ab912d10_n.jpg	rose
20851336110_b17107948d_n.jpg	rose
5349249357_d4c0523f7e_n.jpg	rose
15949087094_a8f565295c_m.jpg	rose
4612830331_2a44957465_n.jpg	rose
12240303_80d87f77a3_n.jpg	rose
4754734410_94d98463a5.jpg	rose
8524505868_236f4c94b5.jpg	rose
14406317221_1f2be67201_n.jpg	rose
19566556880_476c66c5ee_n.jpg	rose
7461897398_0053093145_n.jpg	rose
12165480946_c4a3fe182d_n.jpg	rose
17449165090_dfb27af360_n.jpg	rose
7461898018_7e12128f14_n.jpg	rose
4279990882_031482f8b6_n.jpg	rose
17090993740_fcc8b60b81.jpg	rose
2713683760_d98cd2a05b_m.jpg	rose
2265579414_2e00a8f265_n.jpg	rose
298670754_f25edda891.jpg	rose
13929462317_96342a9a44.jpg	rose
5086249859_d066b37b8a_m.jpg	rose
9355706808_a9a723a8e8_n.jpg	rose
15094168139_8f636ffa1d_n.jpg	rose
5502949025_96d11a17ff_n.jpg	rose
23096513535_f41ddfec19_n.jpg	rose
1540738662_7b4152e344_m.jpg	rose
14870567200_80cda4362e_n.jpg	rose
319298955_0c72bd36bf.jpg	rose
5001858821_731d128f20_n.jpg	rose
5960270643_1b8a94822e_m.jpg	rose
5349860036_389d912fb7_n.jpg	rose
5570018782_c56bee942f.jpg	rose
515121050_dcb99890be.jpg	rose
5001845055_69f04d9779_n.jpg	rose
295257304_de893fc94d.jpg	rose
5415173021_ec34517d84_n.jpg	rose
5001856089_4cf8e9c818_n.jpg	rose
7456198272_f5d0c6bc7e_n.jpg	rose
13979889721_42a59ca9fa_m.jpg	rose
2550860627_998a4fc4c1.jpg	rose
19823402005_2db025dd66_m.jpg	rose
6255593451_b8a3aa8f7a_m.jpg	rose
14982802401_a3dfb22afb.jpg	rose
2536282942_b5ca27577e.jpg	rose
8181940917_1ac63937d5_n.jpg	rose
3422228549_f147d6e642.jpg	rose
5835539224_75967fc400_m.jpg	rose
1831404161_d2df86fd70.jpg	rose
18302780950_9469703544_n.jpg	rose
7456196534_f69c17efa3_n.jpg	rose
32442998706_ba6cacf354_n.jpg	rose
5721768347_2ec4d2247b_n.jpg	rose
8960904651_9a0b727258.jpg	rose
4609166128_b7ed49b40b_m.jpg	rose
5335944093_a00b28c4ff_n.jpg	rose
5335937199_2c83d46a57_n.jpg	rose
17291930305_79deae6a90_n.jpg	rose
15566697073_9a214b700e_n.jpg	rose
13943843842_36aae2e7f5_n.jpg	rose
272481307_1eb47ba3e0_n.jpg	rose
3661675690_ed2d05fa5f_n.jpg	rose
8524505682_bda885af3a_n.jpg	rose
7474126248_889a026929_n.jpg	rose
5694071486_90c2b1aee5_n.jpg	rose
12395698413_c0388278f7.jpg	rose
17158274118_00ec99a23c.jpg	rose
5863698305_04a4277401_n.jpg	rose
5897035797_e67bf68124_n.jpg	rose
5336546068_8fd643243c_n.jpg	rose
5002455332_9de0b1e85f_n.jpg	rose
1562198683_8cd8cb5876_n.jpg	rose
15978020586_6cb322b120_n.jpg	rose
7456197696_7e1558cc22_n.jpg	rose
5001852517_6a8713ffe2_n.jpg	rose
6950609394_c53b8c6ac0_m.jpg	rose
9216324117_5fa1e2bc25_n.jpg	rose
1402130395_0b89d76029.jpg	rose
14943194730_f48b4d4547_n.jpg	rose
9167147034_0a66ee3616_n.jpg	rose
3997609936_8db20b7141_n.jpg	rose
5089363428_2c5a1272ea.jpg	rose
4503599544_3822e7d1be.jpg	rose
466486216_ab13b55763.jpg	rose
6473543547_4fefdbd5dc.jpg	rose
909277823_e6fb8cb5c8_n.jpg	rose
16155980245_6ab8d7b888.jpg	rose
3667366832_7a8017c528_n.jpg	rose
33568244695_7ec846bcc6_n.jpg	rose
3971662839_5cb2963b20_n.jpg	rose
7304710956_015b41f802_m.jpg	rose
18486146942_e09ecd0e25_n.jpg	rose
3465443774_6b0c75a3b1_n.jpg	rose
7481119492_a0016cb059_n.jpg	rose
15174615529_144ae28bdb_n.jpg	rose
5159317458_bbb22e2f65_n.jpg	rose
3624546109_8eb98f0cdb.jpg	rose
2325232198_751645d0bb_n.jpg	rose
4644336779_acd973528c.jpg	rose
15222804561_0fde5eb4ae_n.jpg	rose
14127110749_624f5bfde6_n.jpg	rose
3948347096_42261f047a_m.jpg	rose
8272822550_fc49484186_n.jpg	rose
5335937417_74a03b52ec_n.jpg	rose
15972976206_d32feeb79b_n.jpg	rose
7345657862_689366e79a.jpg	rose
18220342690_f1c20134bd.jpg	rose
8096324039_4db2555490.jpg	rose
4612826243_7d86870a1b_n.jpg	rose
5001857501_f8b1e3e987_n.jpg	rose
8035908422_87220425d2_n.jpg	rose
16691277899_9433f39155_n.jpg	rose
15965652160_de91389965_m.jpg	rose
326541992_d542103ca8_n.jpg	rose
4764674741_82b8f93359_n.jpg	rose
1446097778_97149b8362.jpg	rose
6241886381_cc722785af.jpg	rose
12238827553_cf427bfd51_n.jpg	rose
20409866779_ac473f55e0_m.jpg	rose
5349861636_4101a36923_n.jpg	rose
7376471712_e1be793f94.jpg	rose
2273917656_6d6c038283.jpg	rose
6690926183_afedba9f15_n.jpg	rose
16001846141_393fdb887e_n.jpg	rose
5693489465_2d0b2e4eb2_n.jpg	rose
15922772266_1167a06620.jpg	rose
4356781875_92c5cd93c0.jpg	rose
1775233884_12ff5a124f.jpg	rose
5398569540_7d134c42cb_n.jpg	rose
16018886851_c32746cb72.jpg	rose
5061135742_2870a7b691_n.jpg	rose
5336560370_f994cb35a1_n.jpg	rose
20596941736_f2c5f496cf.jpg	rose
3278709893_ba4956a572_n.jpg	rose
5336559428_71e8b58ab5_n.jpg	rose
23232710191_cc57620cd5.jpg	rose
17105684129_e2cb69ea24_n.jpg	rose
5002454522_300a419273_n.jpg	rose
7481117422_66e73115ac_n.jpg	rose
494803274_f84f21d53a.jpg	rose
5249439791_196b4e7fc7.jpg	rose
5002456302_e3d2600c17_n.jpg	rose
5088766459_f81f50e57d_n.jpg	rose
5002448396_7ca4d44086_n.jpg	rose
3634244527_e72c47842c_n.jpg	rose
160954292_6c2b4fda65_n.jpg	rose
1469726748_f359f4a8c5.jpg	rose
5001845289_e5740889b0_n.jpg	rose
3576488381_611f3446e0_n.jpg	rose
2197754124_5c8a146761_n.jpg	rose
14221192676_eb8c89a7d6_n.jpg	rose
8642943283_47e44d049d_m.jpg	rose
5335945309_852d018a27_n.jpg	rose
5349249933_f02c8ea7de_n.jpg	rose
11944957684_2cc806276e.jpg	rose
10090824183_d02c613f10_m.jpg	rose
8269247725_4b56cd860d_n.jpg	rose
1949195327_75f76c12b1.jpg	rose
4921988677_e2eb0c9a24_m.jpg	rose
5002453464_ab2bcb3829_n.jpg	rose
5001855689_e07486c44d_n.jpg	rose
99383371_37a5ac12a3_n.jpg	rose
5001846725_7bb1b9fedf_n.jpg	rose
5731750490_ba3325b7ee_n.jpg	rose
2535466393_6556afeb2f_m.jpg	rose
7481118128_b2de9538b4_n.jpg	rose
16476788181_0e2ffc719a.jpg	rose
7481119180_7be71a322a_n.jpg	rose
5073473370_bdbb5a99fc.jpg	rose
3450344423_63ba3190e3.jpg	rose
15312360171_57bde98799_n.jpg	rose
9369421752_db1ab2a6a4_m.jpg	rose
15977362155_461030c196_m.jpg	rose
17165596357_392a12391f.jpg	rose
15822837396_96b392fda8_m.jpg	rose
2141413229_3f0425f972_n.jpg	rose
5002458616_b1719ccc40_n.jpg	rose
9216323421_f737c1d50e.jpg	rose
4694341873_65fe187a4e_n.jpg	rose
15061894841_e5aca59ecd_n.jpg	rose
5002447434_9b06760f63_n.jpg	rose
174109630_3c544b8a2f.jpg	rose
5002446424_b86e3c646f_n.jpg	rose
5001852101_877cb2ae9b_n.jpg	rose
9164924345_6b63637acf.jpg	rose
19440805164_920b28da61_n.jpg	rose
4414135084_1ac7e6cd54.jpg	rose
5335936115_0292d0beef_n.jpg	rose
22506717337_0fd63e53e9.jpg	rose
5002457330_b77672da1c_n.jpg	rose
15509799653_0562d4a4fa.jpg	rose
11694025703_9a906fedc1_n.jpg	rose
5002455602_4286b34dde_n.jpg	rose
5212877807_a3ddf06a7c_n.jpg	rose
7461899330_3b72976570_n.jpg	rose
6280787884_141cd7b382_n.jpg	rose
3253243865_435c1f2c2b_m.jpg	rose
1392579828_ab5a139052.jpg	rose
3026375835_a20ecdd140_m.jpg	rose
8301512319_45185c447f_n.jpg	rose
5349248481_6445341842_n.jpg	rose
15811380728_5053455c50_n.jpg	rose
7409458444_0bfc9a0682_n.jpg	rose
6209630964_e8de48fe04_m.jpg	rose
3045046293_57f6d52065_m.jpg	rose
8692040971_826614516f_n.jpg	rose
22093190909_77223e6f53_n.jpg	rose
5402157745_a384f0583d_n.jpg	rose
16525204061_9b47be3726_m.jpg	rose
123128873_546b8b7355_n.jpg	rose
534228982_4afbcece9b_m.jpg	rose
4553266758_09d4dbdac9_n.jpg	rose
5349865556_e3263fbdc0_n.jpg	rose
14312910041_b747240d56_n.jpg	rose
3550491463_3eb092054c_m.jpg	rose
5182167964_9d1a0be0b8_n.jpg	rose
3554620445_082dd0bec4_n.jpg	rose
4703837996_d3c1df77cc_n.jpg	rose
16152175716_55d6968e08_n.jpg	rose
17867791274_25bb3f8a41_n.jpg	rose
898102603_2d5152f09a.jpg	rose
4918137796_21f0922b0c_n.jpg	rose
21413573151_e681c6a97a.jpg	rose
4612784323_0bcfb978f0_n.jpg	rose
9702378513_229a96b754_m.jpg	rose
6309548569_932fee8313_m.jpg	rose
8035910225_125beceb98_n.jpg	rose
16152205512_9d6cb80fb6.jpg	rose
8667746487_781af9e615_n.jpg	rose
4396642388_3081a38875_n.jpg	rose
7471891352_cfd56b4e45_n.jpg	rose
2960709681_e95940c0f0_n.jpg	rose
14414100710_753a36fce9.jpg	rose
2756028421_b3d5eea526_n.jpg	rose
5990626258_697f007308_n.jpg	rose
5694090698_1f0c218250_n.jpg	rose
7456914664_cdee3170c5_n.jpg	rose
16258946661_f9739cdc0a.jpg	rose
6732261031_861a1026fa_n.jpg	rose
4231745228_ece86330d9.jpg	rose
873660804_37f5c6a46e_n.jpg	rose
5001853739_e293f7b268_n.jpg	rose
5001854143_d868390640_n.jpg	rose
5206847130_ee4bf0e4de_n.jpg	rose
5001846301_9380fbe900_n.jpg	rose
5349861432_96137002c4_n.jpg	rose
4588034197_e300b0872a_n.jpg	rose
568715474_bdb64ccc32.jpg	rose
9298314004_c1a8146521.jpg	rose
15202632426_d88efb321a_n.jpg	rose
15602874619_03fd934bed.jpg	rose
3630246240_4fee9a33db.jpg	rose
2332478138_28f1d586e4_n.jpg	rose
5156037859_1673720a11_m.jpg	rose
7470985840_a93e958554_n.jpg	rose
21347496068_f4d3339607.jpg	rose
8644003462_2272de26eb.jpg	rose
2122401867_cd86c5f114_n.jpg	rose
8032328803_30afac8b07_m.jpg	rose
3909587261_f8cd3e7fe7.jpg	rose
353897245_5453f35a8e.jpg	rose
16374919860_4e445de29f_n.jpg	rose
14970973709_968910640e_n.jpg	rose
33411423082_8150d9254e_n.jpg	rose
1485142251_ca89254442.jpg	rose
27619697563_228f5c4677_n.jpg	rose
11102341464_508d558dfc_n.jpg	rose
5349249729_be6b2cac86_n.jpg	rose
5693495337_0e42b4d9f0_n.jpg	rose
4979895172_ca06eba616.jpg	rose
6867597533_d65d1c39fb_n.jpg	rose
8273451349_acd4748da6_n.jpg	rose
7461899002_a3b21d0770_n.jpg	rose
5002446908_150a969334_n.jpg	rose
15236835789_6009b8f33d.jpg	rose
15032112248_30c5284e54_n.jpg	rose
1666341535_99c6f7509f_n.jpg	rose
4675532860_890504a4a3_m.jpg	rose
3556123230_936bf084a5_n.jpg	rose
7481118926_43fa291306_n.jpg	rose
3871586333_5a708d5cf4_n.jpg	rose
5002460856_c44a02442f_n.jpg	rose
7481119854_b4bb358f0b_n.jpg	rose
8853083579_dd1dfa3188.jpg	rose
5693486585_cf64d87519_n.jpg	rose
15820572326_be2ea4a55c_n.jpg	rose
512694812_48ba9c0b49_n.jpg	rose
14597445311_8acb60247e.jpg	rose
5249566718_6109630c83_m.jpg	rose
3415176946_248afe9f32.jpg	rose
6879112993_5a29208438_n.jpg	rose
18486124712_17ebe7559b_n.jpg	rose
5360769702_ec28c53b9e_n.jpg	rose
19153732586_9de58c8f53_n.jpg	rose
3664842094_5fd60ee26b.jpg	rose
15816400548_c551da2212_n.jpg	rose
6347846687_3f0a7c3176.jpg	rose
22325299158_6e32e599f8_m.jpg	rose
3264570182_c7ded528ba_m.jpg	rose
475947979_554062a608_m.jpg	rose
5336562502_d697a3f0b2_n.jpg	rose
16643785404_284c6c23fe_n.jpg	rose
5487945052_bcb8e9fc8b_m.jpg	rose
5002456992_4da0df247a_n.jpg	rose
388405293_4db1d71f21_n.jpg	rose
20825078671_90b0389c70_m.jpg	rose
3751835302_d5a03f55e8_n.jpg	rose
15901230359_1819e96b89_n.jpg	rose
5180896559_b8cfefc21e.jpg	rose
18492322571_3b99e55560_n.jpg	rose
12243068283_ee4c2683e2_n.jpg	rose
14683774134_6367640585.jpg	rose
5332550500_ab341aefd8.jpg	rose
527513005_41497ca4dc.jpg	rose
410425647_4586667858.jpg	rose
9614492283_66020fb4eb_n.jpg	rose
15184419268_7230e9728e.jpg	rose
17291451621_0e39f08b9e_n.jpg	rose
12240165555_98625b1e88_n.jpg	rose
1788484468_f73afa6c32_n.jpg	rose
9160289562_ab2718d19b.jpg	rose
2053476785_c162a3e358.jpg	rose
32724693914_282ccc4f92_n.jpg	rose
14154164774_3b39d36778.jpg	rose
2788276815_8f730bd942.jpg	rose
8674140377_ae7b0be523.jpg	rose
5349254467_388ff94f8b_n.jpg	rose
7456492140_478b48ef8e_n.jpg	rose
1645761726_2b1be95472.jpg	rose
4612833069_8e48b47aa4_n.jpg	rose
6409000675_6eb6806e59.jpg	rose
5335945781_e45852fa49_n.jpg	rose
21346056089_e6f8074e5f_m.jpg	rose
5349249547_5cde2db97c_n.jpg	rose
5349250145_960c51d4fc_n.jpg	rose
4998708839_c53ee536a8_n.jpg	rose
16157873719_bf0bdf8558_n.jpg	rose
18302691898_9dc45afae8_n.jpg	rose
6347846935_51e3dc2481_n.jpg	rose
2392457180_f02dab5c65.jpg	rose
3621011057_0d03bd171b_n.jpg	rose
18464080946_a624ce6376_n.jpg	rose
7471890644_92a004ea92_n.jpg	rose
3451177763_729a4d54af_n.jpg	rose
15996816031_7f2fea25cb_n.jpg	rose
15190665092_5c1c37a066_m.jpg	rose
3705716290_cb7d803130_n.jpg	rose
921984328_a60076f070_m.jpg	rose
12240577184_b0de0e53ea_n.jpg	rose
512578026_f6e6f2ad26.jpg	rose
5002450022_33337e895b_n.jpg	rose
16903172207_2cd7aca66a.jpg	rose
5336551618_16d4eea9c4_n.jpg	rose
8394286483_69fe04cc7f.jpg	rose
5002452576_f61a48b2e3_n.jpg	rose
15186434972_e353da940a.jpg	rose
394990940_7af082cf8d_n.jpg	rose
5349248997_4b23a7344d_n.jpg	rose
15424480096_45bb574b33.jpg	rose
12243069253_e512464095_n.jpg	rose
5292988046_a10f4b0365_n.jpg	rose
6653567281_768a1fd160.jpg	rose
8926641787_d2515dfe8f_m.jpg	rose
3276552939_8c31b22d3e.jpg	rose
11233672494_d8bf0a3dbf_n.jpg	rose
5526964611_76ef13025c_n.jpg	rose
3742168238_d961937e68_n.jpg	rose
5001848135_63300a26a8_n.jpg	rose
16545641666_2781e542a0_m.jpg	rose
2609353769_dc3654f12f.jpg	rose
5002461124_dc5988bbc9_n.jpg	rose
14001990976_bd2da42dbc.jpg	rose
5002449706_647ffe5249_n.jpg	rose
7147367479_f7a6ef0798.jpg	rose
33185001420_dc8f571c4f_n.jpg	rose
14810868100_87eb739f26_m.jpg	rose
4654893119_45d232016b.jpg	rose
26811158051_8f264eea6b_n.jpg	rose
18486171962_c46dbd067d_n.jpg	rose
17040847367_b54d05bf52.jpg	rose
6864417932_36fa4ceecf_n.jpg	rose
15972975956_9a770ca9dd_n.jpg	rose
5398974188_799753449c.jpg	rose
2677417735_a697052d2d_n.jpg	rose
7474125638_332be2863e_n.jpg	rose
537207677_f96a0507bb.jpg	rose
8667101118_87ea757b15.jpg	rose
4505921907_21c8002fde.jpg	rose
18302672248_38fe0f70af_n.jpg	rose
4061451210_1650590c6a.jpg	rose
10503217854_e66a804309.jpg	rose
17305246720_1866d6303b.jpg	rose
8747396730_966149e6fe_n.jpg	rose
563847503_89e9756c80.jpg	rose
5002458392_f465ed905e_n.jpg	rose
6204049536_1ac4f09232_n.jpg	sunflower
18828283553_e46504ae38.jpg	sunflower
8021568040_f891223c44_n.jpg	sunflower
4942258704_c4146b710a_n.jpg	sunflower
5979668702_fdaec9e164_n.jpg	sunflower
11881770944_22b4f2f8f6_n.jpg	sunflower
8928614683_6c168edcfc.jpg	sunflower
5963905278_6a8efc6b27_n.jpg	sunflower
17148843706_df148301ac_n.jpg	sunflower
14925398301_55a180f919_n.jpg	sunflower
200557977_bf24d9550b.jpg	sunflower
14889392928_9742aed45b_m.jpg	sunflower
6953297_8576bf4ea3.jpg	sunflower
58636535_bc53ef0a21_m.jpg	sunflower
15460162172_014bcce403.jpg	sunflower
5923085671_f81dd1cf6f.jpg	sunflower
4271193206_666ef60aa0_m.jpg	sunflower
4160805260_cf758daeae_n.jpg	sunflower
14741866338_bdc8bfc8d5_n.jpg	sunflower
5091281256_648c37d7c1_n.jpg	sunflower
4745991955_6804568ae0_n.jpg	sunflower
9302733302_2cb92cf275.jpg	sunflower
2307673262_e1e1aefd29.jpg	sunflower
6141150299_b46a64e4de.jpg	sunflower
14969295739_c132a08663_n.jpg	sunflower
3568114325_d6b1363497.jpg	sunflower
3846717708_ea11383ed8.jpg	sunflower
1044296388_912143e1d4.jpg	sunflower
2588234269_c4bfd0d8b9_n.jpg	sunflower
1880606744_23e3dc4f6b_n.jpg	sunflower
7603036176_9e8967cd21.jpg	sunflower
23645265812_24352ff6bf.jpg	sunflower
9564240106_0577e919da_n.jpg	sunflower
4895721788_f10208ab77_n.jpg	sunflower
3883895985_bd20198371.jpg	sunflower
9655029591_7a77f87500.jpg	sunflower
14741812319_e1d32ffb84_n.jpg	sunflower
7791014076_07a897cb85_n.jpg	sunflower
6606815161_3c4372760f.jpg	sunflower
34692938506_efda47f39a_n.jpg	sunflower
969913643_9d5cd2fe45_m.jpg	sunflower
10386503264_e05387e1f7_m.jpg	sunflower
15118397087_bfb7ea70d5_n.jpg	sunflower
9431896325_23bf6e8761.jpg	sunflower
8174970894_7f9a26be7e.jpg	sunflower
20777375650_ef854bf645.jpg	sunflower
3951246342_930138610b_n.jpg	sunflower
3838274225_36010c6254_n.jpg	sunflower
4933823194_33f6e32c5a.jpg	sunflower
20183071136_c297e74fcc_m.jpg	sunflower
3146795631_d062f233c1.jpg	sunflower
164671753_ab36d9cbb7_n.jpg	sunflower
8174941335_56389b53e9_n.jpg	sunflower
3897174387_07aac6bf5f_n.jpg	sunflower
4186808407_06688641e2_n.jpg	sunflower
9699724719_a8439cc0fd_n.jpg	sunflower
184682320_73ccf74710.jpg	sunflower
4895124535_11a2bb704c_m.jpg	sunflower
7176736574_14446539cb_n.jpg	sunflower
8478248531_1a16e232b5.jpg	sunflower
5037531593_e2daf4c7f1.jpg	sunflower
3514340206_efb8198a80_n.jpg	sunflower
21349789961_18ba1af5b7_n.jpg	sunflower
14472246629_72373111e6_m.jpg	sunflower
7935826214_9b57628203_m.jpg	sunflower
16975010069_7afd290657_m.jpg	sunflower
5979669004_d9736206c9_n.jpg	sunflower
7728953426_abd179ab63.jpg	sunflower
3889699518_77bf85bf44_n.jpg	sunflower
27466794_57e4fe5656.jpg	sunflower
14925397761_46ecfa24e0.jpg	sunflower
23286304156_3635f7de05.jpg	sunflower
1064662314_c5a7891b9f_m.jpg	sunflower
2067882323_8de6623ffd.jpg	sunflower
19453165201_2aa747e0bf.jpg	sunflower
15054750690_198b6ab0f2_n.jpg	sunflower
3196753837_411b03682d_n.jpg	sunflower
13096076565_72c2c60875_n.jpg	sunflower
29972905_4cc537ff4b_n.jpg	sunflower
4110787181_f73f12d107_m.jpg	sunflower
8929213942_5544191250_n.jpg	sunflower
13648603305_1268eda8b7_n.jpg	sunflower
4019748730_ee09b39a43.jpg	sunflower
274848710_5185cf33b1_n.jpg	sunflower
9339697826_88c9c4dc50.jpg	sunflower
6061175433_95fdb12f32_n.jpg	sunflower
15122112402_cafa41934f.jpg	sunflower
184682920_97ae41ce60_m.jpg	sunflower
9610371852_179e7781ce.jpg	sunflower
9588522189_db6166f67f.jpg	sunflower
3734999477_7f454081aa_n.jpg	sunflower
4814106562_7c3564d2d9_n.jpg	sunflower
7586498522_4dcab1c8d2_m.jpg	sunflower
4818994715_9d90527d18_n.jpg	sunflower
3889694330_6f84d123d5_n.jpg	sunflower
40410686_272bc66faf_m.jpg	sunflower
15495578821_92c6d14252_n.jpg	sunflower
8041242566_752def876e_n.jpg	sunflower
9482209981_bf7bf6022b_m.jpg	sunflower
20258015499_93b9951800_m.jpg	sunflower
164670176_9f5b9c7965.jpg	sunflower
19697910486_0086d893a2.jpg	sunflower
7012366081_019c8a17a4_m.jpg	sunflower
15054866898_60ee50ec6b_n.jpg	sunflower
1314584013_fe935fdeb1_n.jpg	sunflower
4816636411_0135bfe2c9_n.jpg	sunflower
12471290635_1f9e3aae16_n.jpg	sunflower
18843967474_9cb552716b.jpg	sunflower
45045005_57354ee844.jpg	sunflower
5738580862_e128192f75.jpg	sunflower
5025805406_033cb03475_n.jpg	sunflower
4869189730_f47c124cda_n.jpg	sunflower
5357144886_b78f4782eb.jpg	sunflower
3946535709_78613461cb_n.jpg	sunflower
9206376642_8348ba5c7a.jpg	sunflower
14623720226_aeeac66e0a_n.jpg	sunflower
9427945592_07a2676945_n.jpg	sunflower
6606809995_edee55b770_m.jpg	sunflower
4414084638_03d2db38ae.jpg	sunflower
6140892289_92805cc590.jpg	sunflower
2598973480_07de93e91d_n.jpg	sunflower
10862313945_e8ed9202d9_m.jpg	sunflower
14955545254_324cd4ee75.jpg	sunflower
877083343_e3338c4125.jpg	sunflower
2619000556_6634478e64_n.jpg	sunflower
4872892690_52dc25b0b4.jpg	sunflower
4895721242_89014e723c_n.jpg	sunflower
4890268276_563f40a193.jpg	sunflower
15118243470_7e0a7f159c_n.jpg	sunflower
15069459615_7e0fd61914_n.jpg	sunflower
1419608016_707b887337_n.jpg	sunflower
4414083164_3f285f8ac5.jpg	sunflower
1022552036_67d33d5bd8_n.jpg	sunflower
3001533700_1c62fb8b4a_n.jpg	sunflower
6606820461_952c450f90_n.jpg	sunflower
3334350831_f8755a2095_n.jpg	sunflower
200557983_10a88672fc.jpg	sunflower
184682506_8a9b8c662d.jpg	sunflower
14144522269_bc20029375_m.jpg	sunflower
19756232959_17cde3b9f0_m.jpg	sunflower
5293283002_9b17f085f7_m.jpg	sunflower
22405882322_d4561f8469_n.jpg	sunflower
5991628433_e1d853e40d_n.jpg	sunflower
200557979_a16112aac2_n.jpg	sunflower
6482016439_b0d06dac04.jpg	sunflower
6239758929_50e5e5a476_m.jpg	sunflower
2927020075_54c9186797_n.jpg	sunflower
14901528533_ac1ce09063.jpg	sunflower
14925397651_97dcddc383_n.jpg	sunflower
3946535195_9382dcb951_n.jpg	sunflower
3912497888_e7a5905bc3_n.jpg	sunflower
5970301989_fe3a68aac8_m.jpg	sunflower
10386525005_fd0b7d6c55_n.jpg	sunflower
2979297519_17a08b37f6_m.jpg	sunflower
15030133005_9728102622_z.jpg	sunflower
6866250080_ae80df0cd5_m.jpg	sunflower
22992257000_76dbc599e7_m.jpg	sunflower
6122711533_2c219f0392_n.jpg	sunflower
4932144003_cbffc89bf0.jpg	sunflower
5223643767_d8beb7e410.jpg	sunflower
22686342422_c0b9e2f38e.jpg	sunflower
4805544785_a63241f6d0_n.jpg	sunflower
4933228903_9ae82d0b9d.jpg	sunflower
4806174512_e04475b766_n.jpg	sunflower
19519101829_46af0b4547_m.jpg	sunflower
7820626738_3be6a52e4e_n.jpg	sunflower
22405887122_75eda1872f_m.jpg	sunflower
4877195645_791c3a83b9_m.jpg	sunflower
5927432662_3ffd2461c2_n.jpg	sunflower
4813483281_f3707a71e7_n.jpg	sunflower
9491955955_d0b2c83834.jpg	sunflower
3784815653_5df39aa9c2_m.jpg	sunflower
9558632814_e78a780f4f.jpg	sunflower
3846907701_e13b66aa87.jpg	sunflower
15207507116_8b7f894508_m.jpg	sunflower
9381481549_5a5d503e42_n.jpg	sunflower
17433282043_441b0a07f4_n.jpg	sunflower
23247483352_0defc7a6dc_n.jpg	sunflower
15238348741_c2fb12ecf2_m.jpg	sunflower
5067864967_19928ca94c_m.jpg	sunflower
1240624822_4111dde542.jpg	sunflower
9825716455_f12bcc8d4e_n.jpg	sunflower
20704967595_a9c9b8d431.jpg	sunflower
6002598514_22a9a404c7_n.jpg	sunflower
8563099326_8be9177101.jpg	sunflower
28664252816_1f24388ee6_n.jpg	sunflower
2588453601_66f2a03cca_n.jpg	sunflower
5180260869_1db7ff98e4_n.jpg	sunflower
5970868068_fe1c8b282e_n.jpg	sunflower
1217254584_4b3028b93d.jpg	sunflower
7012364067_5ffc7654c9_m.jpg	sunflower
8265023280_713f2c69d0_m.jpg	sunflower
15054752730_fcf54d475e_m.jpg	sunflower
21984860006_20dfacea1c_m.jpg	sunflower
310380634_60e6c79989.jpg	sunflower
21899501660_7065d1c1fa_n.jpg	sunflower
184682652_c927a49226_m.jpg	sunflower
29429430522_b7a22cd3df_n.jpg	sunflower
6056460102_f5569092a6_n.jpg	sunflower
6198569587_23c3693328_m.jpg	sunflower
215798354_429de28c2d.jpg	sunflower
22255608949_172d7c8d22_m.jpg	sunflower
5973935729_2868f2db1f_n.jpg	sunflower
21796333524_38fc8e0ab5_n.jpg	sunflower
864957037_c75373d1c5.jpg	sunflower
20753711039_0b11d24b50_n.jpg	sunflower
2816503473_580306e772.jpg	sunflower
5139969871_c9046bdaa7_n.jpg	sunflower
23356825566_f5885875f2.jpg	sunflower
5979111555_61b400c070_n.jpg	sunflower
3950020811_dab89bebc0_n.jpg	sunflower
15054865768_2cc87ac9d4_m.jpg	sunflower
4794180388_c7b9294aef_n.jpg	sunflower
5020805135_1219d7523d.jpg	sunflower
35477171_13cb52115c_n.jpg	sunflower
40410814_fba3837226_n.jpg	sunflower
164668737_aeab0cb55e_n.jpg	sunflower
9481563239_01b585b41d_n.jpg	sunflower
175638423_058c07afb9.jpg	sunflower
9511172241_8aee411e2e.jpg	sunflower
2721638730_34a9b7a78b.jpg	sunflower
20972866151_e6a928b00a.jpg	sunflower
4664767140_fe01231322_n.jpg	sunflower
4625255191_26e17a28c9_n.jpg	sunflower
147804446_ef9244c8ce_m.jpg	sunflower
14121915990_4b76718077_m.jpg	sunflower
4932735566_2327bf319a.jpg	sunflower
3832945398_96509d192b.jpg	sunflower
6908789145_814d448bb1_n.jpg	sunflower
4746643626_02b2d056a2_n.jpg	sunflower
3798841385_38142ea3c6_n.jpg	sunflower
8174972548_0051c2d431.jpg	sunflower
8480886751_71d88bfdc0_n.jpg	sunflower
193878348_43571127b9_n.jpg	sunflower
5956627147_4d51393479_n.jpg	sunflower
1297092593_e573c0a3d6.jpg	sunflower
20344366953_44fb51051b.jpg	sunflower
20183028616_beb937e75c_m.jpg	sunflower
8234846550_fdaf326dbe.jpg	sunflower
5957186948_b2afd80d70_n.jpg	sunflower
3568925290_faf7aec3a0.jpg	sunflower
7721658400_0dec46d225.jpg	sunflower
8014734302_65c6e83bb4_m.jpg	sunflower
19784656639_cd7f0a4a26_m.jpg	sunflower
15054864508_0334b892be_m.jpg	sunflower
4804434999_bf2187e96a_n.jpg	sunflower
20342824594_9740b7b160.jpg	sunflower
9484354480_07ff2ef0a6.jpg	sunflower
12323859023_447387dbf0_n.jpg	sunflower
20148493928_9f75a99783.jpg	sunflower
6080086410_17a02dcfb8.jpg	sunflower
15266715291_dfa3f1d49f_n.jpg	sunflower
5043409092_5b12cc985a_m.jpg	sunflower
9904127656_f76a5a4811_m.jpg	sunflower
4846786944_2832c5c8b8.jpg	sunflower
9535500195_543d0b729b.jpg	sunflower
12471443383_b71e7a7480_m.jpg	sunflower
2443095419_17b920d155_m.jpg	sunflower
4977385375_e271e282f9.jpg	sunflower
2328600790_90e2942557_n.jpg	sunflower
200557979_a16112aac1_n.jpg	sunflower
8202034834_ee0ee91e04_n.jpg	sunflower
6125761554_4e72819ce4_m.jpg	sunflower
4848279231_c4960e28b2_n.jpg	sunflower
8071460469_a7c2c34b97_n.jpg	sunflower
4893660821_eb7f02bef3_n.jpg	sunflower
2723995667_31f32294b4.jpg	sunflower
418056361_1dfac1c151_n.jpg	sunflower
15054865217_e398d0dc9f_n.jpg	sunflower
10386522775_4f8c616999_m.jpg	sunflower
4895122831_83db2ba2d0_n.jpg	sunflower
4664737020_b4c61aacd3_n.jpg	sunflower
2894191705_a1d2d80c80.jpg	sunflower
5970869550_d7d9fabebd_n.jpg	sunflower
5956627065_075880a1cc_n.jpg	sunflower
4831577091_f56157a5d5_n.jpg	sunflower
9410186154_465642ed35.jpg	sunflower
7804213238_1d92ae5edb_m.jpg	sunflower
2720698862_486d3ec079_m.jpg	sunflower
14646280372_dd50be16e4_n.jpg	sunflower
4940287066_385afd9c18_m.jpg	sunflower
9610373748_b9cb67bd55.jpg	sunflower
14741813010_5d44e33088_n.jpg	sunflower
3922005347_7b6fb82fcd.jpg	sunflower
15240466871_ec45b65554_m.jpg	sunflower
3001531316_efae24d37d_n.jpg	sunflower
1022552002_2b93faf9e7_n.jpg	sunflower
9599534035_ae4df582b6.jpg	sunflower
21134000558_d7d6c9b1fe_n.jpg	sunflower
8081530919_c882d46bb0_n.jpg	sunflower
14814264272_4b39a102f9_n.jpg	sunflower
7270375648_79f0caef42_n.jpg	sunflower
3154932076_eff5c38231_n.jpg	sunflower
6265084065_7a8b30cc6e_n.jpg	sunflower
14928117202_139d2142cc_n.jpg	sunflower
215798357_3f4bfa27b7.jpg	sunflower
3731075939_6c92d7fe68_m.jpg	sunflower
5180861654_0741222c62_n.jpg	sunflower
14646283472_50a3ae1395.jpg	sunflower
2733109082_1351f6738a_n.jpg	sunflower
3766264038_ea701c7131_n.jpg	sunflower
9479261399_cebfbff670_n.jpg	sunflower
34571133752_0a9337993c_n.jpg	sunflower
1043442695_4556c4c13d_n.jpg	sunflower
15042911059_b6153d94e7_n.jpg	sunflower
7857605684_fc86440c23.jpg	sunflower
16143151468_4f3c033e33.jpg	sunflower
6140661443_bb48344226.jpg	sunflower
23204123212_ef32fbafbe.jpg	sunflower
15683877266_42e0fe3782_n.jpg	sunflower
1244774242_25a20d99a9.jpg	sunflower
20407896403_a50fef58ac_n.jpg	sunflower
8368015811_2893411cf7_n.jpg	sunflower
8038712786_5bdeed3c7f_m.jpg	sunflower
4746648726_e37a2de16d_n.jpg	sunflower
6482016425_d8fab362f6.jpg	sunflower
14460081668_eda8795693_m.jpg	sunflower
2807106374_f422b5f00c.jpg	sunflower
287233531_74d4605814_m.jpg	sunflower
127192624_afa3d9cb84.jpg	sunflower
5139971615_434ff8ed8b_n.jpg	sunflower
5957007921_62333981d2_n.jpg	sunflower
5042785753_392cc4e74d_n.jpg	sunflower
13117907313_86c99c6441.jpg	sunflower
16832961488_5f7e70eb5e_n.jpg	sunflower
10386525695_2c38fea555_n.jpg	sunflower
15745084272_36402f5ee6_n.jpg	sunflower
9558628596_722c29ec60_m.jpg	sunflower
15081164641_45a7b92b3a_m.jpg	sunflower
3893436870_034b79d118_n.jpg	sunflower
3848405800_8eea982c40.jpg	sunflower
2767658405_1e2043f44c_n.jpg	sunflower
5330608174_b49f7a4c48_m.jpg	sunflower
9610374042_bb16cded3d.jpg	sunflower
14925397351_c7f209d804_n.jpg	sunflower
20078317834_6e0983c0f5_n.jpg	sunflower
15380755137_a2e67839ab_m.jpg	sunflower
34572755322_b43e90cae2_n.jpg	sunflower
14244410747_22691ece4a_n.jpg	sunflower
4755075329_1fccc69d4e.jpg	sunflower
265422922_bbbde781d2_m.jpg	sunflower
8935252770_263d682fe8_n.jpg	sunflower
15043962658_dcf9dff5e9_n.jpg	sunflower
8929274876_17efc1774a_n.jpg	sunflower
2443921986_d4582c123a.jpg	sunflower
2689228449_e0be72cf00_n.jpg	sunflower
4623843480_23e3fb8dcc_n.jpg	sunflower
1788133737_b1133d1aa7.jpg	sunflower
29744655960_c0868b43da_n.jpg	sunflower
2575272111_f04d79b9af_n.jpg	sunflower
29744656500_f17578f7e3_n.jpg	sunflower
857698097_8068a2c135_n.jpg	sunflower
9448615838_04078d09bf_n.jpg	sunflower
9610098411_f1613c8e14.jpg	sunflower
5043409856_395300dbe5_m.jpg	sunflower
5028817729_f04d32bac8_n.jpg	sunflower
18097401209_910a46fae1_n.jpg	sunflower
7176729016_d73ff2211e.jpg	sunflower
20112366233_d6cb3b6e15_n.jpg	sunflower
9485002920_59af6f4cac.jpg	sunflower
20667988875_6e73ac2879_n.jpg	sunflower
6053739964_a1d9ab3ed1_n.jpg	sunflower
2442985637_8748180f69.jpg	sunflower
34312487015_66a635fd71_n.jpg	sunflower
6145005439_ef6e07f9c6_n.jpg	sunflower
2949654221_909b0c86a1_n.jpg	sunflower
14266917699_91b207888e.jpg	sunflower
6104713425_8a3277e34a.jpg	sunflower
4398771472_44f2a0c162_n.jpg	sunflower
5115925320_ed9ca5b2d1_n.jpg	sunflower
4042816698_578a1d599e.jpg	sunflower
15218871222_c104032ca1.jpg	sunflower
18972803569_1a0634f398_m.jpg	sunflower
5970300143_36b42437de_n.jpg	sunflower
14921668662_3ffc5b9db3_n.jpg	sunflower
22416421196_caf131c9fa_m.jpg	sunflower
4528959364_fa544b0f4e_m.jpg	sunflower
15973657966_d6f6005539_n.jpg	sunflower
5951665793_8ae4807cbd_n.jpg	sunflower
15122871130_6a7d0b4372_n.jpg	sunflower
16656015339_2ccb7cd18d.jpg	sunflower
45045003_30bbd0a142_m.jpg	sunflower
15493195788_60530f2398_m.jpg	sunflower
7176729812_7c053921fb_m.jpg	sunflower
20022771089_3cc7e5086d_m.jpg	sunflower
678714585_addc9aaaef.jpg	sunflower
5556633113_0a04f5ed8a_n.jpg	sunflower
15054864058_2edca122a9_n.jpg	sunflower
9384867134_83af458a19_n.jpg	sunflower
9610373158_5250bce6ac_n.jpg	sunflower
4746638094_f5336788a0_n.jpg	sunflower
20156280765_a6baea3176.jpg	sunflower
9555827829_74e6f60f1d_m.jpg	sunflower
50987813_7484bfbcdf.jpg	sunflower
200011914_93f57ed68b.jpg	sunflower
8192234807_fed4a46f1a_n.jpg	sunflower
15108515192_f686dce398_n.jpg	sunflower
8249000137_eddfffa380_n.jpg	sunflower
7652532108_01ef94c476.jpg	sunflower
197011740_21825de2bf.jpg	sunflower
3596902268_049e33a2cb_n.jpg	sunflower
1485456230_58d8e45e88.jpg	sunflower
21518663809_3d69f5b995_n.jpg	sunflower
20171662239_f69b6c12bd_n.jpg	sunflower
34571252122_b3b1f45fac_n.jpg	sunflower
4872284527_ff52128b97.jpg	sunflower
4191299785_a4faca9b74_n.jpg	sunflower
9240129413_f240ce7866_n.jpg	sunflower
4932736136_0115955987.jpg	sunflower
2979133707_84aab35b5d.jpg	sunflower
3681233294_4f06cd8903.jpg	sunflower
9461693602_710f20904f.jpg	sunflower
3062794421_295f8c2c4e.jpg	sunflower
6606743797_c90c669757.jpg	sunflower
15054751430_5af76f6096_n.jpg	sunflower
8543642705_b841b0e5f6.jpg	sunflower
5032376020_2ed312306c.jpg	sunflower
2706304885_4916102704_n.jpg	sunflower
9216286162_6ceefdd1b4_m.jpg	sunflower
8705462313_4458d64cd4.jpg	sunflower
3912497870_a2f91c3a65_n.jpg	sunflower
15472217046_2699b25584.jpg	sunflower
1240626292_52cd5d7fb1_m.jpg	sunflower
8433716268_8b7b4083bc_n.jpg	sunflower
24459548_27a783feda.jpg	sunflower
3466923719_b4b6df7f8b_n.jpg	sunflower
5526324308_b333da0e57_n.jpg	sunflower
6199086734_b7ddc65816_m.jpg	sunflower
4795924955_202448d8ea_n.jpg	sunflower
5994569021_749d5e2da3_n.jpg	sunflower
235651658_a7b3e7cbdd.jpg	sunflower
4746668678_0e2693b1b9_n.jpg	sunflower
6958724008_12259943a7.jpg	sunflower
19915160340_ec904edbdf_n.jpg	sunflower
10386540696_0a95ee53a8_n.jpg	sunflower
4932735362_6e1017140f.jpg	sunflower
6198569425_e953b9e6cc_m.jpg	sunflower
5437996076_cf7e2ac32e_n.jpg	sunflower
20812318934_82f10c45a1_n.jpg	sunflower
23894449029_bf0f34d35d_n.jpg	sunflower
13568621944_d575324b8c_n.jpg	sunflower
4932736308_827012cff2.jpg	sunflower
184682095_46f8607278.jpg	sunflower
2944298800_1984bd4f8a_m.jpg	sunflower
5955500463_6c08cb199e.jpg	sunflower
5917253022_4e3142d48b_n.jpg	sunflower
20406385204_469f6749e2_n.jpg	sunflower
4235259239_21f2eb4f2e.jpg	sunflower
13959937305_2f5c532886_n.jpg	sunflower
5937914300_bfca430439_n.jpg	sunflower
5998488415_a6bacd9f83.jpg	sunflower
14741907467_fab96f3b2b_n.jpg	sunflower
7581713708_8eae6794f2.jpg	sunflower
7510240282_87554c7418_n.jpg	sunflower
20658775992_1619cd0a9b_n.jpg	sunflower
22429146402_332fa2fc72_m.jpg	sunflower
9216286876_289a4779f7.jpg	sunflower
9558627290_353a14ba0b_m.jpg	sunflower
3311874685_7b9ef10f7e_m.jpg	sunflower
8174935717_d19367d502.jpg	sunflower
14858674096_ed0fc1a130.jpg	sunflower
10386702973_e74a34c806_n.jpg	sunflower
3894586562_5dbbdc4354_n.jpg	sunflower
14741813110_94964c39e2_n.jpg	sunflower
5979111025_3bcae48ae6_n.jpg	sunflower
3920137864_e922ab25b4_n.jpg	sunflower
29955482321_2d6269c164_n.jpg	sunflower
9555824387_32b151e9b0_m.jpg	sunflower
21821266773_7113d34c35_m.jpg	sunflower
3683873444_be4a609c46.jpg	sunflower
9445830851_e9a126fd1d_n.jpg	sunflower
2996573407_5e473b9359.jpg	sunflower
20621698991_dcb323911d.jpg	sunflower
4745980581_a0b7585258_n.jpg	sunflower
5896354497_6a19162741.jpg	sunflower
6606746467_a668c8d417.jpg	sunflower
5231868667_f0baa71feb_n.jpg	sunflower
12282924083_fb80aa17d4_n.jpg	sunflower
16988605969_570329ff20_n.jpg	sunflower
20938724084_7fe6bf87ae_n.jpg	sunflower
2759796022_55bd47bfa2_n.jpg	sunflower
14698136411_23bdcff7bf_n.jpg	sunflower
15218421476_9d5f38e732_m.jpg	sunflower
20905163782_312e2c3bda_n.jpg	sunflower
4914793782_d0ea760791.jpg	sunflower
12471791574_bb1be83df4.jpg	sunflower
7492109308_bbbb982ebe_n.jpg	sunflower
1379256773_bb2eb0d95b_n.jpg	sunflower
26254755_1bfc494ef1_n.jpg	sunflower
9431890901_cd11bda584_n.jpg	sunflower
14646281372_5f13794b47.jpg	sunflower
4080112931_cb20b3d51a_n.jpg	sunflower
200288046_0032f322ff_n.jpg	sunflower
28661674053_44f8034570_n.jpg	sunflower
14889779907_3d401bbac7_m.jpg	sunflower
13095941995_9a66faa713_n.jpg	sunflower
2823659190_afdabee45c.jpg	sunflower
14925398441_107f3e0304_n.jpg	sunflower
4895718876_0246882882_n.jpg	sunflower
10386540106_1431e73086_m.jpg	sunflower
9309473873_9d62b9082e.jpg	sunflower
20871601265_daa4be4291_n.jpg	sunflower
5933438461_7607cf06e2_n.jpg	sunflower
2940221732_3507f3e927_n.jpg	sunflower
6116210027_61923f4b64.jpg	sunflower
22203670478_9ec5c2700b_n.jpg	sunflower
9400904374_37723396e3_n.jpg	sunflower
4895720722_8247f2015b_n.jpg	sunflower
5937355165_1dc7b2cbf9_n.jpg	sunflower
15054866658_c1a6223403_m.jpg	sunflower
4341530649_c17bbc5d01.jpg	sunflower
4823873762_5f79b0c656_n.jpg	sunflower
3858508462_db2b9692d1.jpg	sunflower
9651392844_77f90589ba_n.jpg	sunflower
6606806621_5267acdd38.jpg	sunflower
14397276020_49f9423614.jpg	sunflower
5339004958_a0a6f385fd_m.jpg	sunflower
9681915384_b3b646dc92_m.jpg	sunflower
4878447831_e904c60cf8_n.jpg	sunflower
4626721387_88f89d5cc9_n.jpg	sunflower
6140693467_211a135b6d.jpg	sunflower
1813435848_7852708395_n.jpg	sunflower
821368661_4ab4343f5a.jpg	sunflower
22429946721_e17a12cb39_n.jpg	sunflower
4745985619_249078cafa_n.jpg	sunflower
3749091071_c146b33c74_n.jpg	sunflower
7820523050_76c8caa025.jpg	sunflower
15145607875_e87204d78c_n.jpg	sunflower
19359539074_d7e32e6616_n.jpg	sunflower
14646279002_9cdf97be97_n.jpg	sunflower
20410697750_c43973d1eb.jpg	sunflower
4798378647_ca199b18c0_n.jpg	sunflower
5076821914_c21b58fd4c_m.jpg	sunflower
5830614551_e460a1215c.jpg	sunflower
20410533613_56da1cce7c.jpg	sunflower
5923649444_a823e534e9.jpg	sunflower
9399711558_7cb9547cd3_n.jpg	sunflower
6074427492_1b5bab7848_n.jpg	sunflower
5994572653_ea98afa3af_n.jpg	sunflower
6606817351_10f6e43a09.jpg	sunflower
4933229357_1c5cc03f65_m.jpg	sunflower
5020805619_6c710793f7.jpg	sunflower
5955475577_3d923874d9_n.jpg	sunflower
4980406384_791774d953.jpg	sunflower
4689061249_6498da5013.jpg	sunflower
5955501969_e42f038a6f_n.jpg	sunflower
4989952542_35f2cdd5e2_n.jpg	sunflower
4895719476_bd3b6bd6fd_n.jpg	sunflower
8481979626_98c9f88848_n.jpg	sunflower
19442589512_e733cfea0f.jpg	sunflower
2803725948_5fd1f2fc99_n.jpg	sunflower
1267876087_a1b3c63dc9.jpg	sunflower
6141199476_9b6d383fd9.jpg	sunflower
18237156988_9ceb46a8de_n.jpg	sunflower
9497774935_a7daec5433_n.jpg	sunflower
27465811_9477c9d044.jpg	sunflower
15054753070_4f6ae0e763_m.jpg	sunflower
9359374034_21fb12d613_n.jpg	sunflower
4847062576_bae870479c_n.jpg	sunflower
5979111199_495884b578_n.jpg	sunflower
5995136822_8e1eed76f5_n.jpg	sunflower
4902448474_6850b85765_n.jpg	sunflower
9240005603_6a9b71dcea_n.jpg	sunflower
5139977579_ea2dd6a322_m.jpg	sunflower
5999024446_5721493894.jpg	sunflower
39271782_b4335d09ae_n.jpg	sunflower
2678588376_6ca64a4a54_n.jpg	sunflower
201809908_0ef84bb351.jpg	sunflower
7654774598_6b715a8d3e.jpg	sunflower
3665455426_9cd1c3af4a_n.jpg	sunflower
9460336948_6ae968be93.jpg	sunflower
5139977423_d413b23fde_m.jpg	sunflower
4673984698_6ec14d5b79.jpg	sunflower
14646282112_447cc7d1f9.jpg	sunflower
9213511121_836a458021_m.jpg	sunflower
2960610406_b61930727f_n.jpg	sunflower
3575811488_a31714472a.jpg	sunflower
4414081772_8a0e8a1327.jpg	sunflower
3815322974_52c12dbde3.jpg	sunflower
21728822928_9f6817325a_n.jpg	sunflower
6250692311_cb60c85ee9_n.jpg	sunflower
5015462205_440898fe41_n.jpg	sunflower
5923085891_27617463fe.jpg	sunflower
19508264965_d1dfb565ea_n.jpg	sunflower
1484598527_579a272f53.jpg	sunflower
44079668_34dfee3da1_n.jpg	sunflower
1240625276_fb3bd0c7b1.jpg	sunflower
6113021380_7546bf7ac7_n.jpg	sunflower
6166888942_7058198713_m.jpg	sunflower
2950505226_529e013bf7_m.jpg	sunflower
6495559397_61d01c0c57.jpg	sunflower
5139977283_530c508603_n.jpg	sunflower
40411100_7fbe10ec0f_n.jpg	sunflower
6112510436_9fe06e695a_n.jpg	sunflower
5037790727_57c527494f.jpg	sunflower
19349582128_68a662075e_n.jpg	sunflower
5139969631_743880e01d_n.jpg	sunflower
5933438547_0dea1fddd6_n.jpg	sunflower
15495579081_661cb260d1_n.jpg	sunflower
2883115621_4837267ea1_m.jpg	sunflower
15072973261_73e2912ef2_n.jpg	sunflower
9497774249_7f5ae70927_m.jpg	sunflower
15026703621_e15e9d55f0_n.jpg	sunflower
210076535_80951bc5d5.jpg	sunflower
8292914969_4a76608250_m.jpg	sunflower
8014735546_3db46bb1fe_n.jpg	sunflower
6606749757_b98a4ba403.jpg	sunflower
5967283168_90dd4daf28_n.jpg	sunflower
265450085_6e9f276e2e.jpg	sunflower
6627521877_6e43fb3c49_m.jpg	sunflower
2980154410_bffd7a3452_n.jpg	sunflower
19710076021_f5bb162540.jpg	sunflower
1008566138_6927679c8a.jpg	sunflower
16616096711_12375a0260_n.jpg	sunflower
20777358950_c63ea569a1.jpg	sunflower
4821232343_7e0bcfbfdf_n.jpg	sunflower
4755705724_976621a1e7.jpg	sunflower
3840761441_7c648abf4d_n.jpg	sunflower
7369484298_332f69bd88_n.jpg	sunflower
193874852_fb633d8d00_n.jpg	sunflower
4868595281_1e58083785.jpg	sunflower
2694860538_b95d60122c_m.jpg	sunflower
20344282483_05abb0b837.jpg	sunflower
5027895361_ace3b731e5_n.jpg	sunflower
6140808687_88df0fd733.jpg	sunflower
5956626941_2885465093_n.jpg	sunflower
8929288228_6795bcb1fe.jpg	sunflower
8266310743_02095e782d_m.jpg	sunflower
22183521655_56221bf2a4_n.jpg	sunflower
5967284308_85714d8cf7_m.jpg	sunflower
151898652_b5f1c70b98_n.jpg	sunflower
3884437548_ca8c36be3f_n.jpg	sunflower
19504937128_a4ae90fcbd_m.jpg	sunflower
6606823367_e89dc52a95_n.jpg	sunflower
274846229_990e976683_n.jpg	sunflower
9783416751_b2a03920f7_n.jpg	sunflower
5007598545_90e08e81c1_n.jpg	sunflower
7820305664_82148f3bfb_n.jpg	sunflower
18250039435_7654bc11be_n.jpg	sunflower
5180859236_60aa57ff9b_n.jpg	sunflower
20972862281_5367f4af88.jpg	sunflower
184683023_737fec5b18.jpg	sunflower
9111896677_ff0b6fa6f6_n.jpg	sunflower
253586685_ee5b5f5232.jpg	sunflower
2767688889_b176b0c3fb.jpg	sunflower
16153267338_2f39906bcb_n.jpg	sunflower
1596293240_2d5b53495a_m.jpg	sunflower
3865206264_5d81584bba.jpg	sunflower
145303599_2627e23815_n.jpg	sunflower
2729206569_9dd2b5a3ed.jpg	sunflower
5018120483_cc0421b176_m.jpg	sunflower
9738792160_00cbcc99c8_n.jpg	sunflower
18766965343_9f42d4bedc_m.jpg	sunflower
4489516263_e49fe82637_n.jpg	sunflower
14348961225_09bd803317_n.jpg	sunflower
19710925313_31682fa22b_m.jpg	sunflower
14623719696_1bb7970208_n.jpg	sunflower
5043404000_9bc16cb7e5_m.jpg	sunflower
6606753075_72ee32aa30_m.jpg	sunflower
34695605616_3b05bb1ef5_n.jpg	sunflower
15839183375_49bf4f75e8_m.jpg	sunflower
15243175532_ac28c48e14_m.jpg	sunflower
7176723954_e41618edc1_n.jpg	sunflower
2425164088_4a5d2cdf21_n.jpg	sunflower
21995435890_e5672244a4_m.jpg	sunflower
164670455_29d8e02bbd_n.jpg	sunflower
6050020905_881295ac72_n.jpg	sunflower
3154932290_4bf43bd34f_n.jpg	sunflower
18237215308_a158d49f28_n.jpg	sunflower
40411019_526f3fc8d9_m.jpg	sunflower
5933438337_b26a81ea81_n.jpg	sunflower
3888908087_462d0045f2_n.jpg	sunflower
3749090865_b90f28a585_n.jpg	sunflower
20481273479_d459834a3e_n.jpg	sunflower
9056495873_66e351b17c_n.jpg	sunflower
7820398908_4316bbba45.jpg	sunflower
22478719251_276cb094f9_n.jpg	sunflower
3594967811_697184b026_n.jpg	sunflower
21374127408_5ffbe87bb2.jpg	sunflower
5952223760_85972671d6_n.jpg	sunflower
7510285306_ba8f80c382_n.jpg	sunflower
9538283930_0faea083bb_n.jpg	sunflower
14881304632_54a9dfb8be.jpg	sunflower
2816256710_a2d3616fae.jpg	sunflower
5966729883_67f4fede93.jpg	sunflower
244074259_47ce6d3ef9.jpg	sunflower
417251603_69f0ee57a9_m.jpg	sunflower
24459750_eb49f6e4cb_m.jpg	sunflower
2895404754_6d9f9416d7_n.jpg	sunflower
4932143849_018486cbf7.jpg	sunflower
6061177447_d8ce96aee0.jpg	sunflower
9375675309_987d32f99e_n.jpg	sunflower
3001536784_3bfd101b23_n.jpg	sunflower
9231555352_d2dd8f8e68_m.jpg	sunflower
7510262868_cf7d6f6f25_n.jpg	sunflower
14932787983_d6e05f2434_m.jpg	sunflower
4414080766_5116e8084e.jpg	sunflower
14244273988_a7484f18b7_m.jpg	sunflower
9558630626_52a1b7d702_m.jpg	sunflower
1715303025_e7065327e2.jpg	sunflower
5492906452_80943bfd04.jpg	sunflower
2883115609_5a69357b5d_m.jpg	sunflower
6606741847_f0198d83ff.jpg	sunflower
20965412955_2c640b13bd.jpg	sunflower
6606813305_c992231d29_m.jpg	sunflower
22419079265_8902cddb7d_n.jpg	sunflower
9432335346_e298e47713_n.jpg	sunflower
18828277053_1493158b28.jpg	sunflower
6042014768_b57f0bfc79_n.jpg	sunflower
164672339_f2b5b164f6.jpg	sunflower
10541580714_ff6b171abd_n.jpg	sunflower
15443139789_5318389b8c_n.jpg	sunflower
8174935013_b16626b49b.jpg	sunflower
4871455214_8b5fb87ab6_n.jpg	sunflower
14678298676_6db8831ee6_m.jpg	sunflower
9483429732_5ae73eb672_n.jpg	sunflower
200557981_f800fa1af9.jpg	sunflower
2697194548_ec8f8de97c_n.jpg	sunflower
19595718862_c68896370c_m.jpg	sunflower
2706736074_b0fba20b3e.jpg	sunflower
22183529245_ce13557515_m.jpg	sunflower
215798352_184d8040d1.jpg	sunflower
9246304620_768d1f54d7_n.jpg	sunflower
12471441503_d188b5f31a_m.jpg	sunflower
15191613243_82ee8e0fe8.jpg	sunflower
16967372357_15b1b9a812_n.jpg	sunflower
15122622946_1707cfd8a5_n.jpg	sunflower
40410963_3ac280f23a_n.jpg	sunflower
6133988570_9dc778e622_m.jpg	sunflower
8928658373_fdca5ff1b8.jpg	sunflower
5994586159_1dd99d66b4_n.jpg	sunflower
6495554833_86eb8faa8e_n.jpg	sunflower
20078409301_aa8061bd0b_n.jpg	sunflower
14460075029_5cd715bb72_m.jpg	sunflower
5004121118_e9393e60d0_n.jpg	sunflower
15066430311_fb57fa92b0_m.jpg	sunflower
